B-5-B,B-6-B,B-26-B,C-5-E,C-6-A,C-6-B,C-6-C,C-9-B,D-9-A,D-9-H,D-9-J,D-9-M,E-91-QV,F-4-B,G-1-A,G-1-E,G-1-H,G-1-K,G-1-M,G-1-T,G-2-Z,G-34-A,G-34-E,G-34-H,G-34-K,G-34-N,G-34-S,G-34-T,G-34-U,G-34-V,G-34-W,G-34-Y,G-34-Z,H-1-A,H-1-M,I-5-B,I-6-B,I-25-B,I-26-B,J-11-A,K-9-O,K-9-OA,K-9-Q,K-9-T,K-9-TA,K-9-Z,K-9-ZE,K-19-A,K-29-A,K-39-A,K-49-A,K-59-A,K-69-A,L-12-T,L-21-A,L-21-C,L-21-E,M-5-B,M-6-B,M-7-B,M-9-B,M-25-B,M-26-B,O-9-B,P-9-A,P-9-D,P-9-E,P-9-J,P-17-A,Q-11-A,Q-11-B,Q-11-K,R-18-B,S-1-A,S-1-E,S-1-H,S-1-K,S-1-L,S-1-M,S-2-K,S-3-A,S-3-E,S-3-H,S-3-M,S-3-T,S-4-D,S-4-E,S-4-H,S-4-K,S-4-M,S-4-P,S-4-T,S-4-W,S-4-X,S-4-Y,S-4-Z,S-5-B,S-8-P,S-15-B,T-9-L,T-9-M,T-9-O,T-9-Q,T-9-QA,T-10-A,T-19-A,TB-9A-K,U-11-A,W-22-B,W-22-BV,Y-5-A,Y-6-A,Y-26-A,self
129,24,1,0,0,1,0,0,1,0,0,0,0,0,0,0,0,0,0,0,0,0,0,0,0,20,0,0,2,4,5,1,1,0,0,2,0,0,0,0,0,0,0,0,0,0,0,0,0,0,0,0,0,0,0,0,0,3,1,1,0,0,2,0,1,0,0,0,0,0,0,0,0,0,0,0,0,0,0,0,0,0,1,0,2,0,0,0,1,0,0,1,15,0,2,0,5,0,1,0,0,0,0,0,0,0,0,0,0,0,0,0,0,B-5-B
24,2261,24,33,55,522,13,6,94,14,13,2,0,0,15,14,11,13,1,5,1,43,4,7,39,32,1,18,11,4,8,1,12,3,4,3,19,36,7,11,0,0,0,10,1,12,6,4,5,4,11,5,18,14,39,45,16,7,277,19,85,4,123,15,102,2,15,2,9,39,1,4,1,101,37,15,85,16,37,3,158,80,136,27,134,22,2,18,16,27,0,9,5,0,2,1,155,0,293,4,16,5,11,0,16,11,84,2,2,0,2,57,4,B-6-B
1,24,53,1,0,3,0,0,0,2,2,0,0,0,0,1,2,1,0,0,0,0,0,0,3,4,0,0,0,1,0,0,0,0,0,0,0,1,2,0,0,0,0,0,0,0,0,0,0,0,0,0,0,0,0,0,0,0,5,0,1,0,18,0,2,0,0,0,0,0,0,1,0,0,0,1,7,0,0,1,0,0,1,0,2,0,0,0,2,0,0,0,3,0,0,0,1,0,5,0,0,0,0,0,0,0,6,0,1,0,0,1,1,B-26-B
0,33,1,53,0,8,0,0,0,0,0,0,0,0,0,1,0,0,0,0,0,0,0,0,0,0,0,0,0,0,0,0,0,0,0,0,2,0,1,0,0,0,0,0,0,0,0,0,0,0,0,0,0,0,0,0,6,0,11,0,0,0,3,0,0,0,7,0,0,0,0,0,0,0,5,0,2,1,1,0,0,12,4,1,2,0,0,0,0,0,0,0,0,0,0,0,0,0,0,0,0,0,0,0,0,0,1,1,0,0,0,0,0,C-5-E
0,55,0,0,88,40,10,0,5,0,0,0,0,0,1,0,0,0,0,1,0,1,0,0,0,0,0,0,0,0,0,0,0,1,0,0,1,1,0,0,0,0,0,0,0,0,0,0,0,0,3,1,8,0,3,0,0,0,23,0,0,0,0,0,6,0,0,0,3,1,0,0,0,14,1,0,2,0,1,0,4,0,0,0,3,1,0,0,0,0,0,0,0,0,0,0,8,0,24,0,1,0,0,0,1,1,1,0,0,0,0,11,0,C-6-A
1,522,3,8,40,625,10,4,13,2,2,0,0,0,11,4,2,3,0,0,1,9,0,0,6,0,0,0,0,0,0,0,5,2,0,1,6,16,3,4,0,0,0,3,1,0,0,3,2,4,6,2,12,0,16,15,1,1,173,2,28,1,27,5,32,1,3,1,3,16,0,1,0,68,15,4,18,2,4,0,22,12,32,8,35,2,0,2,2,0,0,0,0,0,0,0,31,0,120,0,1,1,4,0,4,5,28,1,1,0,0,38,2,C-6-B
0,13,0,0,10,10,23,0,3,0,0,0,0,0,1,1,0,0,0,0,0,2,0,0,0,0,0,0,0,0,0,0,0,0,0,0,0,0,0,1,0,0,0,0,0,0,0,0,0,0,0,1,1,0,3,1,1,0,8,0,0,0,0,0,4,0,0,0,0,1,0,0,0,7,0,0,0,0,1,0,1,0,0,0,0,0,0,0,0,0,0,0,0,0,0,0,2,0,4,0,0,0,0,0,0,0,0,0,0,0,0,4,0,C-6-C
0,6,0,0,0,4,0,14,0,0,1,0,0,0,0,0,0,0,0,0,0,0,0,0,0,0,0,0,0,0,0,0,0,0,0,0,1,0,0,0,0,0,0,3,1,0,0,0,0,0,0,0,0,0,0,0,0,0,2,0,5,0,1,1,0,0,0,0,0,0,0,0,0,0,0,0,0,0,0,0,0,0,0,0,1,0,0,0,0,0,0,0,0,0,0,0,0,0,0,0,0,0,3,1,0,0,0,0,0,0,0,0,0,C-9-B
1,94,0,0,5,13,3,0,279,0,0,0,0,0,1,1,0,0,0,0,0,14,0,0,1,0,0,0,0,0,0,0,2,0,0,1,0,1,0,4,0,0,0,0,0,0,0,1,3,1,3,2,10,1,11,10,1,1,21,0,1,1,1,0,43,0,0,0,5,16,0,0,0,22,1,0,0,0,0,0,56,0,1,1,7,2,0,0,0,0,0,0,0,0,0,0,43,0,35,0,0,0,0,0,16,6,0,0,0,0,1,3,0,D-9-A
0,14,2,0,0,2,0,0,0,70,0,0,0,0,1,5,4,1,0,1,0,0,0,0,1,0,0,0,0,0,0,0,0,0,0,0,0,0,1,1,0,0,0,0,0,0,0,0,0,0,0,0,0,0,0,1,1,0,1,0,3,0,4,0,1,0,2,0,1,0,0,0,0,0,4,3,3,1,1,1,0,1,6,0,1,0,0,2,0,0,0,0,0,0,0,0,0,0,2,0,0,0,0,0,0,0,1,0,0,0,0,0,0,D-9-H
0,13,2,0,0,2,0,1,0,0,27,1,0,0,0,0,0,0,0,0,0,0,0,0,2,0,0,0,0,0,0,0,0,0,0,0,0,0,0,0,0,0,0,0,0,0,0,0,0,0,0,0,0,0,0,0,0,1,4,0,7,0,10,1,0,0,0,0,0,0,0,0,1,0,1,0,7,0,0,0,0,0,0,0,1,0,0,0,2,0,0,0,0,0,0,0,0,0,0,0,0,0,0,0,0,0,11,0,0,0,0,0,0,D-9-J
0,2,0,0,0,0,0,0,0,0,1,7,0,0,0,0,0,1,1,1,0,0,0,0,0,0,0,0,0,0,0,0,0,0,1,0,0,0,0,0,0,0,0,0,0,0,0,0,0,0,0,0,0,0,0,0,0,0,0,0,2,0,2,0,0,0,0,0,0,0,0,0,0,0,0,0,0,0,2,0,0,0,0,0,1,0,0,0,0,2,0,0,0,0,0,0,0,0,0,0,2,0,0,0,0,0,0,0,0,0,0,0,0,D-9-M
0,0,0,0,0,0,0,0,0,0,0,0,13,0,0,0,0,0,0,0,0,0,0,0,0,0,0,0,0,0,0,0,0,0,0,0,0,0,0,0,0,0,0,0,0,0,0,0,0,0,0,0,0,0,0,0,0,0,0,0,0,0,0,0,0,0,0,0,0,0,0,0,0,0,0,0,0,0,0,0,0,0,0,0,0,0,0,0,0,0,0,0,0,0,0,0,0,0,0,0,0,0,0,0,0,0,0,0,0,0,0,0,0,E-91-QV
0,0,0,0,0,0,0,0,0,0,0,0,0,72,0,0,0,0,0,0,0,0,0,0,0,0,0,0,0,0,0,0,2,0,0,0,0,0,0,0,0,0,0,0,0,1,0,0,0,0,0,0,0,0,0,0,0,0,0,0,0,0,0,0,0,0,0,0,0,0,0,0,0,0,0,0,0,0,0,0,0,0,0,0,0,0,0,0,0,0,0,0,0,2,38,0,0,3,0,0,0,0,0,0,0,0,0,0,0,0,0,0,0,F-4-B
0,15,0,0,1,11,1,0,1,1,0,0,0,0,49,14,11,11,3,8,0,5,0,0,1,0,0,0,0,0,0,0,0,2,1,0,0,0,0,0,0,0,0,0,0,0,0,0,0,1,2,0,2,0,11,8,1,0,4,0,2,0,0,0,7,0,1,0,1,3,0,0,0,27,9,1,9,1,4,0,2,1,0,0,2,0,0,0,0,0,0,1,0,0,0,0,1,0,2,1,0,0,0,0,0,2,4,1,0,0,0,3,0,G-1-A
0,14,1,1,0,4,1,0,1,5,0,0,0,0,14,105,43,24,5,14,0,0,5,0,2,0,0,0,0,0,0,0,1,0,1,0,0,0,0,0,0,0,0,0,0,0,0,0,0,1,0,0,0,0,3,0,8,0,3,0,3,0,1,0,1,0,4,1,0,2,0,0,0,9,37,3,26,6,3,0,0,23,0,1,8,0,0,1,0,0,0,0,0,0,0,0,0,0,0,0,0,0,0,0,0,0,9,0,0,0,0,0,0,G-1-E
0,11,2,0,0,2,0,0,0,4,0,0,0,0,11,43,75,24,6,14,0,0,0,1,0,0,0,0,0,0,0,0,2,0,2,0,0,0,0,0,0,0,0,0,0,0,0,0,0,0,0,0,0,0,1,1,4,0,2,0,2,0,3,0,0,0,3,1,0,0,0,0,0,7,16,4,23,7,3,0,0,1,3,0,5,0,0,2,0,0,0,0,0,0,0,0,0,0,0,1,0,0,0,0,0,0,9,0,0,0,0,0,0,G-1-H
0,13,1,0,0,3,0,0,0,1,0,1,0,0,11,24,24,70,8,17,0,0,0,0,6,0,0,0,0,0,0,0,0,0,3,0,0,0,0,0,0,0,0,0,0,0,0,0,0,0,0,0,0,0,0,0,0,0,2,2,13,0,11,2,0,0,1,1,0,0,0,0,0,5,12,0,43,5,4,0,0,2,1,0,2,0,0,0,1,0,0,0,0,0,0,0,0,0,0,1,1,0,0,0,0,0,30,0,0,0,0,0,0,G-1-K
0,1,0,0,0,0,0,0,0,0,0,1,0,0,3,5,6,8,9,8,0,0,0,0,0,0,0,0,0,0,0,0,0,0,2,0,0,0,0,0,0,0,0,0,0,0,0,0,0,0,0,0,0,0,0,0,0,0,0,1,2,0,1,0,0,0,0,1,0,0,0,0,0,2,3,0,6,1,2,0,0,0,0,0,0,0,0,0,0,0,0,0,0,0,0,0,0,0,0,0,1,0,0,0,0,0,3,0,0,0,0,0,0,G-1-M
0,5,0,0,1,0,0,0,0,1,0,1,0,0,8,14,14,17,8,32,0,0,0,0,1,0,0,1,0,0,0,0,0,0,2,0,0,0,0,0,0,0,0,0,0,0,0,0,0,0,0,0,1,0,0,0,0,0,1,1,6,0,1,0,0,0,1,1,0,0,0,0,0,5,8,1,15,2,4,0,0,1,0,0,6,0,0,0,0,0,0,0,0,0,0,0,1,0,0,1,1,0,0,0,0,0,8,0,0,0,0,0,0,G-1-T
0,1,0,0,0,1,0,0,0,0,0,0,0,0,0,0,0,0,0,0,6,0,0,0,0,0,0,0,0,0,0,0,2,0,0,0,0,0,0,0,0,0,0,0,0,0,0,0,0,0,0,0,0,1,1,1,1,0,1,0,0,0,0,0,0,0,0,0,0,0,0,0,0,2,0,0,0,0,0,0,0,0,0,0,1,0,0,0,0,0,0,0,0,0,0,0,0,0,0,0,0,0,0,0,0,0,0,0,0,0,0,0,0,G-2-Z
0,43,0,0,1,9,2,0,14,0,0,0,0,0,5,0,0,0,0,0,0,112,0,0,2,0,0,0,0,0,0,0,3,1,0,0,0,0,0,3,0,0,0,0,0,0,0,1,2,0,2,0,2,0,14,16,0,0,9,0,0,0,0,0,10,0,0,0,1,12,0,0,0,18,1,0,1,0,1,0,42,0,1,0,13,0,0,0,0,0,0,1,0,0,0,0,10,0,10,0,0,0,0,0,3,4,0,1,0,0,0,4,0,G-34-A
0,4,0,0,0,0,0,0,0,0,0,0,0,0,0,5,0,0,0,0,0,0,24,0,0,0,0,0,0,0,0,0,1,0,0,0,1,0,0,0,0,0,0,0,0,0,0,0,0,0,0,0,0,0,0,0,3,0,1,0,0,0,0,0,0,0,1,0,0,0,0,0,0,0,5,0,0,0,0,0,0,17,0,0,1,0,0,0,0,0,0,0,0,0,0,0,0,0,0,0,0,0,0,0,0,0,0,0,0,0,0,0,0,G-34-E
0,7,0,0,0,0,0,0,0,0,0,0,0,0,0,0,1,0,0,0,0,0,0,34,1,0,0,0,0,0,0,0,0,0,0,0,0,0,0,0,0,0,0,0,0,0,0,0,0,0,0,0,0,0,0,0,0,0,1,0,0,0,0,0,0,0,0,0,0,0,0,0,0,0,0,0,0,0,0,0,0,0,3,0,0,0,0,23,0,0,0,1,0,0,0,0,0,0,0,0,0,0,0,0,0,0,0,0,0,0,0,0,0,G-34-H
0,39,3,0,0,6,0,0,1,1,2,0,0,0,1,2,0,6,0,1,0,2,0,1,91,0,0,0,0,0,0,0,1,0,0,0,0,0,1,0,0,0,0,0,0,0,0,0,0,0,0,0,0,1,1,1,0,0,4,1,5,0,30,1,1,0,2,0,0,0,0,1,0,0,3,1,34,1,0,0,1,2,12,2,13,0,0,1,9,0,0,0,0,0,0,0,0,0,0,0,0,0,0,0,0,0,26,0,0,0,0,0,0,G-34-K
20,32,4,0,0,0,0,0,0,0,0,0,0,0,0,0,0,0,0,0,0,0,0,0,0,128,0,0,10,1,2,0,1,0,0,0,0,0,0,0,0,0,0,0,0,0,0,0,0,0,0,0,0,1,0,0,0,1,1,0,0,0,0,0,0,0,0,0,0,0,0,0,0,0,0,0,0,0,0,0,0,0,0,0,10,0,0,0,0,0,0,1,1,0,2,0,0,0,0,0,0,0,0,0,0,0,0,0,0,0,0,0,0,G-34-N
0,1,0,0,0,0,0,0,0,0,0,0,0,0,0,0,0,0,0,0,0,0,0,0,0,0,18,17,0,0,0,0,1,0,0,0,0,0,0,0,0,0,0,0,0,0,0,0,0,0,0,0,0,1,0,0,0,0,0,0,0,0,0,0,0,0,0,0,0,0,0,0,0,0,0,0,1,0,0,0,0,0,0,0,16,0,0,0,0,0,0,0,0,0,0,0,0,0,0,0,0,0,0,0,0,0,0,0,0,0,0,0,0,G-34-S
0,18,0,0,0,0,0,0,0,0,0,0,0,0,0,0,0,0,0,1,0,0,0,0,0,0,17,64,0,0,2,0,1,0,0,0,0,0,0,0,0,0,0,0,0,0,0,0,0,0,0,0,0,9,0,0,0,0,0,0,1,0,0,0,0,0,0,0,0,0,0,0,0,0,0,0,1,0,0,0,0,0,0,0,50,0,0,0,0,0,0,4,0,0,0,0,0,0,0,0,0,0,0,0,0,0,0,0,0,0,0,0,0,G-34-T
2,11,0,0,0,0,0,0,0,0,0,0,0,0,0,0,0,0,0,0,0,0,0,0,0,10,0,0,33,0,3,0,1,0,0,0,0,0,0,0,0,0,0,0,0,0,0,0,0,0,0,0,0,0,0,0,0,1,0,0,0,0,0,0,0,0,0,0,0,0,0,0,0,0,0,0,0,0,0,0,0,0,0,0,1,0,0,0,0,0,0,0,0,0,1,0,0,0,0,0,0,0,0,0,0,0,0,0,0,0,0,0,0,G-34-U
4,4,1,0,0,0,0,0,0,0,0,0,0,0,0,0,0,0,0,0,0,0,0,0,0,1,0,0,0,10,0,0,0,0,0,0,0,0,0,0,0,0,0,0,0,0,0,0,0,0,0,0,0,0,0,0,0,1,0,0,0,0,0,0,0,0,0,0,0,0,0,0,0,0,0,0,0,0,0,0,0,0,0,0,1,0,0,0,0,0,0,0,4,0,0,0,0,0,0,0,0,0,0,0,0,0,0,0,0,0,0,0,0,G-34-V
5,8,0,0,0,0,0,0,0,0,0,0,0,0,0,0,0,0,0,0,0,0,0,0,0,2,0,2,3,0,122,0,0,0,0,0,0,0,0,0,0,0,0,0,0,0,0,0,0,0,0,0,0,15,0,0,0,0,0,0,0,0,0,0,0,0,0,0,0,0,0,0,0,0,0,0,0,0,0,0,0,0,0,0,7,0,0,0,0,0,0,4,67,0,1,0,0,0,0,0,0,0,0,0,0,0,0,0,0,0,0,0,0,G-34-W
1,1,0,0,0,0,0,0,0,0,0,0,0,0,0,0,0,0,0,0,0,0,0,0,0,0,0,0,0,0,0,55,0,0,0,0,0,0,0,0,0,0,0,0,0,0,0,0,0,0,0,0,0,0,0,0,0,0,0,0,0,0,0,0,0,0,0,0,0,0,0,0,0,0,0,0,0,0,0,0,0,0,0,0,1,0,0,0,0,0,0,1,0,0,11,0,0,0,0,0,0,0,0,0,0,0,0,0,0,0,0,0,0,G-34-Y
1,12,0,0,0,5,0,0,2,0,0,0,0,2,0,1,2,0,0,0,2,3,1,0,1,1,1,1,1,0,0,0,260,0,0,0,0,0,0,1,0,0,0,0,0,18,4,0,0,0,0,0,1,3,3,3,2,1,3,0,0,0,2,0,0,0,1,0,0,2,0,0,0,4,1,0,1,0,0,0,5,1,4,1,23,0,0,2,0,0,0,3,0,0,24,52,3,1,0,0,0,0,0,0,0,0,0,0,0,0,0,0,0,G-34-Z
0,3,0,0,1,2,0,0,0,0,0,0,0,0,2,0,0,0,0,0,0,1,0,0,0,0,0,0,0,0,0,0,0,6,0,0,1,0,0,0,0,0,0,0,0,0,0,0,0,0,2,0,1,0,4,3,0,0,2,0,0,0,0,0,1,0,0,0,0,1,0,0,0,5,0,0,0,0,0,0,0,0,0,0,0,0,0,0,0,0,0,0,0,0,0,0,1,0,1,0,0,0,0,0,0,1,0,1,0,0,0,0,0,H-1-A
0,4,0,0,0,0,0,0,0,0,0,1,0,0,1,1,2,3,2,2,0,0,0,0,0,0,0,0,0,0,0,0,0,0,8,0,0,0,0,0,0,0,0,0,0,0,0,0,0,0,0,0,0,0,0,0,0,0,1,2,3,0,1,0,0,0,0,0,0,0,0,0,0,0,0,0,1,1,5,0,0,0,0,0,0,0,0,0,0,0,0,0,0,0,0,0,0,0,0,0,2,0,0,0,0,0,1,0,0,0,0,0,0,H-1-M
2,3,0,0,0,1,0,0,1,0,0,0,0,0,0,0,0,0,0,0,0,0,0,0,0,0,0,0,0,0,0,0,0,0,0,28,0,4,2,0,0,0,0,0,0,0,0,0,0,0,0,0,0,0,0,0,0,9,0,0,0,0,2,0,0,0,2,0,0,1,0,0,0,0,0,0,0,0,0,0,0,0,0,0,0,1,0,0,0,0,0,0,0,0,0,0,10,0,1,0,0,0,0,0,0,0,0,0,0,0,1,0,0,I-5-B
0,19,0,2,1,6,0,1,0,0,0,0,0,0,0,0,0,0,0,0,0,0,1,0,0,0,0,0,0,0,0,0,0,1,0,0,22,1,0,0,0,0,0,0,0,0,0,0,0,0,0,0,0,0,0,0,0,0,8,0,0,0,3,0,1,0,1,0,0,0,0,0,0,0,0,0,0,0,0,0,0,10,1,0,0,0,1,0,0,1,0,0,0,0,0,0,0,0,2,0,0,0,0,0,0,1,0,0,0,0,0,2,0,I-6-B
0,36,1,0,1,16,0,0,1,0,0,0,0,0,0,0,0,0,0,0,0,0,0,0,0,0,0,0,0,0,0,0,0,0,0,4,1,98,3,2,0,0,0,0,0,0,0,0,0,0,0,0,0,0,0,2,0,2,14,0,0,8,4,1,14,3,0,0,1,9,0,0,0,1,0,0,0,0,0,0,3,0,0,0,1,9,0,0,0,0,0,0,0,0,0,0,13,0,68,0,0,0,0,0,0,0,0,0,0,0,0,11,3,I-25-B
0,7,2,1,0,3,0,0,0,1,0,0,0,0,0,0,0,0,0,0,0,0,0,0,1,0,0,0,0,0,0,0,0,0,0,2,0,3,24,1,0,0,0,0,0,0,0,0,0,0,0,0,0,0,0,0,0,1,5,0,1,1,17,0,1,0,1,0,0,2,0,0,0,0,0,0,0,0,0,0,0,1,4,1,1,0,0,1,0,0,0,0,0,0,0,0,1,0,4,0,0,0,0,0,0,0,1,0,0,0,0,0,1,I-26-B
0,11,0,0,0,4,1,0,4,1,0,0,0,0,0,0,0,0,0,0,0,3,0,0,0,0,0,0,0,0,0,0,1,0,0,0,0,2,1,94,0,0,0,0,0,0,0,0,0,0,0,1,0,1,3,8,0,0,2,0,0,1,1,0,9,0,0,0,2,74,1,1,0,2,0,0,0,0,0,0,7,0,0,0,2,0,0,0,0,0,0,0,0,0,0,0,7,0,10,0,0,0,0,0,0,0,0,20,0,0,1,3,0,J-11-A
0,0,0,0,0,0,0,0,0,0,0,0,0,0,0,0,0,0,0,0,0,0,0,0,0,0,0,0,0,0,0,0,0,0,0,0,0,0,0,0,8,4,0,1,1,0,0,0,0,0,0,0,0,0,0,0,0,0,0,0,1,0,0,0,0,0,0,0,0,0,0,0,0,0,0,0,0,0,0,0,0,0,0,0,1,0,0,0,0,0,0,0,0,0,0,0,0,0,0,0,0,0,3,2,0,0,0,0,0,0,0,0,0,K-9-O
0,0,0,0,0,0,0,0,0,0,0,0,0,0,0,0,0,0,0,0,0,0,0,0,0,0,0,0,0,0,0,0,0,0,0,0,0,0,0,0,4,4,0,1,1,0,0,0,0,0,0,0,0,0,0,0,0,0,0,0,0,0,0,0,0,0,0,0,0,0,0,0,0,0,0,0,0,0,0,0,0,0,0,0,0,0,0,0,0,0,0,0,0,0,0,0,0,0,0,0,0,0,2,1,0,0,0,0,0,0,0,0,0,K-9-OA
0,0,0,0,0,0,0,0,0,0,0,0,0,0,0,0,0,0,0,0,0,0,0,0,0,0,0,0,0,0,0,0,0,0,0,0,0,0,0,0,0,0,8,5,1,0,0,0,0,0,0,0,0,0,0,0,0,0,0,0,5,0,0,1,0,0,0,0,0,0,0,0,0,0,0,0,0,0,0,0,0,0,0,0,1,0,0,0,0,0,0,0,0,0,0,0,0,0,0,0,0,0,6,2,0,0,0,0,0,0,0,0,0,K-9-Q
0,10,0,0,0,3,0,3,0,0,0,0,0,0,0,0,0,0,0,0,0,0,0,0,0,0,0,0,0,0,0,0,0,0,0,0,0,0,0,0,1,1,5,75,11,0,0,0,0,0,0,0,0,0,0,0,0,0,2,1,32,0,1,2,0,0,0,0,0,0,0,0,0,0,0,0,1,0,1,0,0,0,2,1,10,0,0,0,0,2,0,0,0,0,0,0,0,0,0,0,0,0,63,12,0,0,3,0,0,0,0,0,0,K-9-T
0,1,0,0,0,1,0,1,0,0,0,0,0,0,0,0,0,0,0,0,0,0,0,0,0,0,0,0,0,0,0,0,0,0,0,0,0,0,0,0,1,1,1,11,12,0,0,0,0,0,0,0,0,0,0,0,0,0,1,0,4,0,0,0,0,0,0,0,0,0,0,0,0,0,0,0,0,0,0,0,0,0,0,0,1,0,0,0,0,0,0,0,0,0,0,0,0,0,0,0,0,0,10,8,0,0,0,0,0,0,0,0,0,K-9-TA
0,12,0,0,0,0,0,0,0,0,0,0,0,1,0,0,0,0,0,0,0,0,0,0,0,0,0,0,0,0,0,0,18,0,0,0,0,0,0,0,0,0,0,0,0,57,12,0,0,0,0,0,0,0,0,0,0,4,2,0,0,0,1,0,0,0,0,0,0,0,0,0,0,0,0,0,0,0,0,0,0,0,0,0,1,0,0,0,0,0,0,0,0,0,4,16,0,0,0,0,0,0,0,0,0,0,0,0,0,0,0,0,0,K-9-Z
0,6,0,0,0,0,0,0,0,0,0,0,0,0,0,0,0,0,0,0,0,0,0,0,0,0,0,0,0,0,0,0,4,0,0,0,0,0,0,0,0,0,0,0,0,12,12,0,0,0,0,0,0,0,0,0,0,1,1,0,0,0,0,0,0,0,0,0,0,0,0,0,0,0,0,0,0,0,0,0,0,0,0,0,0,0,0,0,0,0,0,0,0,0,0,3,0,0,0,0,0,0,0,0,0,0,0,0,0,0,0,0,0,K-9-ZE
0,4,0,0,0,3,0,0,1,0,0,0,0,0,0,0,0,0,0,0,0,1,0,0,0,0,0,0,0,0,0,0,0,0,0,0,0,0,0,0,0,0,0,0,0,0,0,5,0,0,0,0,0,0,1,1,1,0,1,0,0,0,0,0,0,0,0,0,0,0,0,0,0,2,0,0,0,0,0,0,1,0,0,0,0,1,0,0,0,0,0,0,0,0,0,0,0,0,2,0,0,0,0,0,0,3,0,0,0,0,0,0,0,K-19-A
0,5,0,0,0,2,0,0,3,0,0,0,0,0,0,0,0,0,0,0,0,2,0,0,0,0,0,0,0,0,0,0,0,0,0,0,0,0,0,0,0,0,0,0,0,0,0,0,7,0,0,0,0,0,1,0,0,0,1,0,0,0,0,0,1,0,0,0,0,0,0,0,0,3,0,0,0,0,0,0,1,0,0,0,2,0,0,0,0,0,0,0,0,0,0,0,2,0,0,0,0,0,0,0,0,1,0,0,0,0,0,1,0,K-29-A
0,4,0,0,0,4,0,0,1,0,0,0,0,0,1,1,0,0,0,0,0,0,0,0,0,0,0,0,0,0,0,0,0,0,0,0,0,0,0,0,0,0,0,0,0,0,0,0,0,8,1,0,0,0,1,1,0,0,1,0,0,0,0,0,0,0,0,0,0,0,0,0,0,5,0,0,0,0,0,0,1,0,0,0,0,0,0,0,0,0,0,0,0,0,0,0,1,0,1,0,0,0,0,0,0,2,0,0,0,0,0,1,0,K-39-A
0,11,0,0,3,6,0,0,3,0,0,0,0,0,2,0,0,0,0,0,0,2,0,0,0,0,0,0,0,0,0,0,0,2,0,0,0,0,0,0,0,0,0,0,0,0,0,0,0,1,17,0,0,0,3,2,0,0,4,0,0,0,0,0,3,0,0,0,0,2,0,0,0,7,1,0,0,0,1,0,3,0,0,0,1,0,0,0,0,0,0,0,0,0,0,0,4,0,2,0,0,0,0,0,0,0,0,1,0,0,0,1,0,K-49-A
0,5,0,0,1,2,1,0,2,0,0,0,0,0,0,0,0,0,0,0,0,0,0,0,0,0,0,0,0,0,0,0,0,0,0,0,0,0,0,1,0,0,0,0,0,0,0,0,0,0,0,6,0,0,0,0,0,0,3,0,0,0,0,0,1,0,0,0,0,1,0,0,0,3,0,0,0,0,0,0,1,0,0,0,0,0,0,0,0,0,0,0,0,0,0,0,2,0,1,0,0,0,0,0,0,0,0,0,0,0,0,0,0,K-59-A
0,18,0,0,8,12,1,0,10,0,0,0,0,0,2,0,0,0,0,1,0,2,0,0,0,0,0,0,0,0,0,0,1,1,0,0,0,0,0,0,0,0,0,0,0,0,0,0,0,0,0,0,32,0,3,1,0,0,12,0,1,0,0,0,3,0,0,0,0,0,0,0,0,19,2,0,1,0,0,0,2,0,0,0,2,0,0,0,0,0,0,0,0,0,0,0,4,0,5,0,0,0,0,0,0,0,1,0,0,0,0,2,0,K-69-A
0,14,0,0,0,0,0,0,1,0,0,0,0,0,0,0,0,0,0,0,1,0,0,0,1,1,1,9,0,0,15,0,3,0,0,0,0,0,0,1,0,0,0,0,0,0,0,0,0,0,0,0,0,265,0,0,0,0,0,0,0,0,0,0,0,0,0,0,0,1,0,0,0,0,0,0,1,0,0,0,0,0,0,0,60,0,0,0,0,0,0,41,0,1,0,0,0,0,0,0,0,0,0,0,0,0,0,0,0,0,0,0,0,L-12-T
0,39,0,0,3,16,3,0,11,0,0,0,0,0,11,3,1,0,0,0,1,14,0,0,1,0,0,0,0,0,0,0,3,4,0,0,0,0,0,3,0,0,0,0,0,0,0,1,1,1,3,0,3,0,110,67,3,0,7,0,0,0,0,0,12,0,0,0,0,15,0,0,0,40,2,0,1,0,1,0,12,1,0,0,9,0,0,0,0,0,0,0,0,0,0,0,8,0,7,0,0,0,0,0,2,4,1,2,0,0,0,3,0,L-21-A
0,45,0,0,0,15,1,0,10,1,0,0,0,0,8,0,1,0,0,0,1,16,0,0,1,0,0,0,0,0,0,0,3,3,0,0,0,2,0,8,0,0,0,0,0,0,0,1,0,1,2,0,1,0,67,173,1,0,4,0,0,0,0,0,21,0,0,0,2,23,0,0,0,43,1,0,1,0,0,0,13,0,0,0,9,0,0,0,0,0,0,0,0,0,0,0,15,0,17,0,0,0,0,0,2,5,0,4,0,0,0,5,0,L-21-C
0,16,0,6,0,1,1,0,1,1,0,0,0,0,1,8,4,0,0,0,1,0,3,0,0,0,0,0,0,0,0,0,2,0,0,0,0,0,0,0,0,0,0,0,0,0,0,1,0,0,0,0,0,0,3,1,128,0,1,0,0,0,0,0,1,0,2,0,0,0,0,0,0,3,18,2,1,0,1,0,0,25,2,0,9,0,0,2,0,0,0,1,0,0,0,0,0,0,0,0,0,0,0,0,0,1,2,0,0,0,0,0,0,L-21-E
3,7,0,0,0,1,0,0,1,0,1,0,0,0,0,0,0,0,0,0,0,0,0,0,0,1,0,0,1,1,0,0,1,0,0,9,0,2,1,0,0,0,0,0,0,4,1,0,0,0,0,0,0,0,0,0,0,57,1,0,0,0,5,0,1,0,1,0,0,1,0,0,0,0,0,0,1,0,0,1,0,0,2,0,0,1,0,0,0,0,0,0,0,0,0,2,4,0,1,0,0,0,0,0,0,0,0,0,0,0,2,1,0,M-5-B
1,277,5,11,23,173,8,2,21,1,4,0,0,0,4,3,2,2,0,1,1,9,1,1,4,1,0,0,0,0,0,0,3,2,1,0,8,14,5,2,0,0,0,2,1,2,1,1,1,1,4,3,12,0,7,4,1,1,432,5,19,2,51,3,26,1,7,1,3,8,0,1,0,30,12,2,15,2,7,0,25,20,44,14,21,2,0,1,0,1,0,0,0,0,0,0,23,0,58,1,2,2,4,1,7,3,19,1,1,0,0,49,3,M-6-B
1,19,0,0,0,2,0,0,0,0,0,0,0,0,0,0,0,2,1,1,0,0,0,0,1,0,0,0,0,0,0,0,0,0,2,0,0,0,0,0,0,0,0,1,0,0,0,0,0,0,0,0,0,0,0,0,0,0,5,295,27,0,8,2,0,0,0,0,0,0,0,0,0,3,0,0,3,0,17,0,0,0,0,2,6,0,0,0,0,5,0,0,0,0,0,0,1,0,0,0,13,0,0,0,0,0,12,0,0,0,0,0,0,M-7-B
0,85,1,0,0,28,0,5,1,3,7,2,0,0,2,3,2,13,2,6,0,0,0,0,5,0,0,1,0,0,0,0,0,0,3,0,0,0,1,0,1,0,5,32,4,0,0,0,0,0,0,0,1,0,0,0,0,0,19,27,247,0,47,23,0,0,1,1,0,1,1,1,0,6,6,2,34,12,36,0,1,1,3,9,10,0,0,2,1,17,0,0,0,0,0,0,1,0,1,7,31,4,40,7,0,0,41,0,0,0,0,1,0,M-9-B
0,4,0,0,0,1,0,0,1,0,0,0,0,0,0,0,0,0,0,0,0,0,0,0,0,0,0,0,0,0,0,0,0,0,0,0,0,8,1,1,0,0,0,0,0,0,0,0,0,0,0,0,0,0,0,0,0,0,2,0,0,12,3,1,2,0,0,0,0,1,0,0,0,0,0,0,0,0,0,0,0,0,0,0,0,1,0,0,0,0,0,0,0,0,0,0,1,0,7,0,0,0,0,0,0,0,0,0,0,0,0,2,1,M-25-B
2,123,18,3,0,27,0,1,1,4,10,2,0,0,0,1,3,11,1,1,0,0,0,0,30,0,0,0,0,0,0,0,2,0,1,2,3,4,17,1,0,0,0,1,0,1,0,0,0,0,0,0,0,0,0,0,0,5,51,8,47,3,404,9,3,0,5,3,0,5,1,5,0,1,2,2,75,10,16,3,0,6,20,28,20,0,0,1,13,37,0,0,0,0,0,1,1,0,7,3,17,2,1,0,0,0,47,0,1,0,0,4,2,M-26-B
0,15,0,0,0,5,0,1,0,0,1,0,0,0,0,0,0,2,0,0,0,0,0,0,1,0,0,0,0,0,0,0,0,0,0,0,0,1,0,0,0,0,1,2,0,0,0,0,0,0,0,0,0,0,0,0,0,0,3,2,23,1,9,28,1,0,0,2,0,0,0,0,0,1,0,0,9,1,3,0,0,0,0,1,0,0,0,0,0,0,0,0,0,0,0,0,0,0,1,1,2,1,2,0,0,0,12,0,0,0,0,1,1,O-9-B
1,102,2,0,6,32,4,0,43,1,0,0,0,0,7,1,0,0,0,0,0,10,0,0,1,0,0,0,0,0,0,0,0,1,0,0,1,14,1,9,0,0,0,0,0,0,0,0,1,0,3,1,3,0,12,21,1,1,26,0,0,2,3,1,273,2,0,0,9,30,0,0,0,19,1,0,1,0,0,0,44,1,0,0,3,1,0,0,0,0,0,0,0,0,0,0,34,0,89,0,0,0,0,0,8,2,1,4,0,0,2,21,2,P-9-A
0,2,0,0,0,1,0,0,0,0,0,0,0,0,0,0,0,0,0,0,0,0,0,0,0,0,0,0,0,0,0,0,0,0,0,0,0,3,0,0,0,0,0,0,0,0,0,0,0,0,0,0,0,0,0,0,0,0,1,0,0,0,0,0,2,9,0,0,0,0,0,0,0,0,0,0,0,0,0,0,0,0,0,0,0,4,0,0,0,0,0,0,0,0,0,0,4,0,2,0,0,0,0,0,0,0,0,0,0,0,0,0,0,P-9-D
0,15,0,7,0,3,0,0,0,2,0,0,0,0,1,4,3,1,0,1,0,0,1,0,2,0,0,0,0,0,0,0,1,0,0,2,1,0,1,0,0,0,0,0,0,0,0,0,0,0,0,0,0,0,0,0,2,1,7,0,1,0,5,0,0,0,93,0,0,1,0,0,0,0,19,1,2,0,0,0,1,20,2,1,2,0,0,2,0,0,0,1,0,0,1,0,0,0,0,0,0,0,0,0,0,0,2,1,0,0,0,0,0,P-9-E
0,2,0,0,0,1,0,0,0,0,0,0,0,0,0,1,1,1,1,1,0,0,0,0,0,0,0,0,0,0,0,0,0,0,0,0,0,0,0,0,0,0,0,0,0,0,0,0,0,0,0,0,0,0,0,0,0,0,1,0,1,0,3,2,0,0,0,7,0,0,0,0,0,0,0,0,3,0,0,0,0,0,0,0,0,0,0,0,1,0,0,0,0,0,0,0,0,0,0,0,0,0,0,0,0,0,3,0,0,0,0,0,0,P-9-J
0,9,0,0,3,3,0,0,5,1,0,0,0,0,1,0,0,0,0,0,0,1,0,0,0,0,0,0,0,0,0,0,0,0,0,0,0,1,0,2,0,0,0,0,0,0,0,0,0,0,0,0,0,0,0,2,0,0,3,0,0,0,0,0,9,0,0,0,26,2,0,0,0,2,0,0,0,0,0,0,6,0,0,0,0,0,0,0,0,0,0,0,0,0,0,0,3,0,7,0,0,0,0,0,1,0,0,1,0,0,0,2,0,P-17-A
0,42,0,0,1,17,1,0,18,0,0,0,0,0,4,2,0,0,0,0,0,13,0,0,0,0,0,0,0,0,0,0,2,1,0,2,0,10,2,81,0,0,0,0,0,0,0,0,0,0,2,1,0,1,17,26,0,1,8,0,1,1,5,0,33,0,1,0,2,320,3,4,0,14,2,0,0,0,0,0,26,1,0,0,8,0,0,0,0,0,0,0,0,0,1,0,24,0,40,0,0,0,0,0,1,3,1,42,0,0,1,8,0,Q-11-A
0,1,0,0,0,0,0,0,0,0,0,0,0,0,0,0,0,0,0,0,0,0,0,0,0,0,0,0,0,0,0,0,0,0,0,0,0,0,0,1,0,0,0,0,0,0,0,0,0,0,0,0,0,0,0,0,0,0,0,0,1,0,1,0,0,0,0,0,0,3,7,4,0,0,0,0,0,0,0,0,0,0,0,0,0,0,0,0,0,0,0,0,0,0,0,0,0,0,0,0,0,0,0,0,0,0,0,1,0,0,0,0,0,Q-11-B
0,4,1,0,0,1,0,0,0,0,0,0,0,0,0,0,0,0,0,0,0,0,0,0,1,0,0,0,0,0,0,0,0,0,0,0,0,0,0,1,0,0,0,0,0,0,0,0,0,0,0,0,0,0,0,0,0,0,1,0,1,0,5,0,0,0,0,0,0,3,4,25,0,0,0,0,1,1,0,0,0,0,0,1,2,0,0,0,0,0,0,0,0,0,0,0,0,0,0,0,0,0,0,0,0,0,2,1,0,0,0,0,0,Q-11-K
0,1,0,0,0,0,0,0,0,0,1,0,0,0,0,0,0,0,0,0,0,0,0,0,0,0,0,0,0,0,0,0,0,0,0,0,0,0,0,0,0,0,0,0,0,0,0,0,0,0,0,0,0,0,0,0,0,0,0,0,0,0,0,0,0,0,0,0,0,0,0,0,30,0,0,0,0,0,0,0,0,0,0,0,0,0,0,2,0,0,0,0,0,0,0,0,0,0,0,0,0,0,0,0,0,0,1,0,0,0,0,0,0,R-18-B
0,101,0,0,14,68,7,0,22,0,0,0,0,0,27,9,7,5,2,5,2,18,0,0,0,0,0,0,0,0,0,0,4,5,0,0,0,1,0,2,0,0,0,0,0,0,0,2,3,5,7,3,19,0,40,43,3,0,30,3,6,0,1,1,19,0,0,0,2,13,0,0,0,358,14,2,11,1,14,0,7,1,0,0,8,0,0,0,0,0,0,1,0,0,0,0,18,0,14,1,2,0,0,0,2,8,7,2,0,0,0,13,0,S-1-A
0,37,0,5,1,15,0,0,1,4,1,0,0,0,9,37,16,12,3,8,0,1,5,0,3,0,0,0,0,0,0,0,1,0,0,0,0,0,0,0,0,0,0,0,0,0,0,0,0,0,1,0,2,0,2,1,18,0,12,0,6,0,2,0,1,0,19,0,0,2,0,0,0,14,262,8,14,4,6,0,0,76,1,0,3,0,0,0,0,0,0,0,0,0,0,0,0,0,0,0,1,1,0,0,0,0,5,0,0,0,0,0,0,S-1-E
0,15,1,0,0,4,0,0,0,3,0,0,0,0,1,3,4,0,0,1,0,0,0,0,1,0,0,0,0,0,0,0,0,0,0,0,0,0,0,0,0,0,0,0,0,0,0,0,0,0,0,0,0,0,0,0,2,0,2,0,2,0,2,0,0,0,1,0,0,0,0,0,0,2,8,83,5,1,0,0,0,1,8,1,2,0,0,1,0,0,0,0,0,0,0,0,0,0,0,0,0,0,0,0,0,0,0,0,1,0,0,0,0,S-1-H
0,85,7,2,2,18,0,0,0,3,7,0,0,0,9,26,23,43,6,15,0,1,0,0,34,0,1,1,0,0,0,0,1,0,1,0,0,0,0,0,0,0,0,1,0,0,0,0,0,0,0,0,1,1,1,1,1,1,15,3,34,0,75,9,1,0,2,3,0,0,0,1,0,11,14,5,365,10,2,1,0,2,3,2,9,0,0,0,6,0,0,0,0,0,0,0,1,0,2,2,1,0,1,0,0,0,84,0,0,0,0,1,0,S-1-K
0,16,0,1,0,2,0,0,0,1,0,0,0,0,1,6,7,5,1,2,0,0,0,0,1,0,0,0,0,0,0,0,0,0,1,0,0,0,0,0,0,0,0,0,0,0,0,0,0,0,0,0,0,0,0,0,0,0,2,0,12,0,10,1,0,0,0,0,0,0,0,1,0,1,4,1,10,92,2,0,0,0,0,0,1,0,0,0,0,0,0,0,0,0,0,0,0,0,0,3,0,1,0,0,0,0,5,0,0,0,0,0,0,S-1-L
0,37,0,1,1,4,1,0,0,1,0,2,0,0,4,3,3,4,2,4,0,1,0,0,0,0,0,0,0,0,0,0,0,0,5,0,0,0,0,0,0,0,0,1,0,0,0,0,0,0,1,0,0,0,1,0,1,0,7,17,36,0,16,3,0,0,0,0,0,0,0,0,0,14,6,0,2,2,116,0,1,0,1,4,4,0,0,0,0,22,0,1,0,0,0,0,1,0,1,2,24,1,1,0,0,0,0,0,0,0,0,0,0,S-1-M
0,3,1,0,0,0,0,0,0,1,0,0,0,0,0,0,0,0,0,0,0,0,0,0,0,0,0,0,0,0,0,0,0,0,0,0,0,0,0,0,0,0,0,0,0,0,0,0,0,0,0,0,0,0,0,0,0,1,0,0,0,0,3,0,0,0,0,0,0,0,0,0,0,0,0,0,1,0,0,31,0,0,1,0,0,0,0,1,7,0,0,0,0,0,0,0,0,0,0,0,0,0,0,0,0,0,0,0,0,0,0,0,0,S-2-K
0,158,0,0,4,22,1,0,56,0,0,0,0,0,2,0,0,0,0,0,0,42,0,0,1,0,0,0,0,0,0,0,5,0,0,0,0,3,0,7,0,0,0,0,0,0,0,1,1,1,3,1,2,0,12,13,0,0,25,0,1,0,0,0,44,0,1,0,6,24,0,0,0,7,0,0,0,0,1,0,472,0,1,1,4,1,0,0,0,0,0,1,0,0,0,0,50,0,42,0,0,0,0,0,9,4,0,0,0,0,0,9,0,S-3-A
0,80,0,12,0,12,0,0,0,1,0,0,0,0,1,23,1,2,0,1,0,0,17,0,2,0,0,0,0,0,0,0,1,0,0,0,10,0,1,0,0,0,0,0,0,0,0,0,0,0,0,0,0,0,1,0,25,0,20,0,1,0,6,0,1,0,20,0,0,1,0,0,0,1,76,1,2,0,0,0,0,535,1,1,2,0,3,1,0,0,0,1,0,0,0,0,2,1,0,0,0,1,0,0,0,0,2,0,0,0,0,0,0,S-3-E
1,136,1,4,0,32,0,0,1,6,0,0,0,0,0,0,3,1,0,0,0,1,0,3,12,0,0,0,0,0,0,0,4,0,0,0,1,0,4,0,0,0,0,2,0,0,0,0,0,0,0,0,0,0,0,0,2,2,44,0,3,0,20,0,0,0,2,0,0,0,0,0,0,0,1,8,3,0,1,1,1,1,568,3,4,0,0,6,0,1,0,0,0,0,1,0,2,0,1,0,0,0,2,0,0,0,4,0,0,0,0,0,0,S-3-H
0,27,0,1,0,8,0,0,1,0,0,0,0,0,0,1,0,0,0,0,0,0,0,0,2,0,0,0,0,0,0,0,1,0,0,0,0,0,1,0,0,0,0,1,0,0,0,0,0,0,0,0,0,0,0,0,0,0,14,2,9,0,28,1,0,0,1,0,0,0,0,1,0,0,0,1,2,0,4,0,1,1,3,160,4,0,0,0,0,10,0,0,0,0,0,0,0,0,2,0,4,1,0,0,0,0,4,0,0,0,0,0,0,S-3-M
2,134,2,2,3,35,0,1,7,1,1,1,0,0,2,8,5,2,0,6,1,13,1,0,13,10,16,50,1,1,7,1,23,0,0,0,0,1,1,2,1,0,1,10,1,1,0,0,2,0,1,0,2,60,9,9,9,0,21,6,10,0,20,0,3,0,2,0,0,7,0,2,0,8,3,2,9,1,4,0,4,2,4,4,1844,0,0,2,1,2,0,19,1,0,1,0,7,0,9,0,1,1,10,2,3,1,13,0,0,0,0,2,0,S-3-T
0,22,0,0,1,2,0,0,2,0,0,0,0,0,0,0,0,0,0,0,0,0,0,0,0,0,0,0,0,0,0,0,0,0,0,1,0,9,0,0,0,0,0,0,0,0,0,1,0,0,0,0,0,0,0,0,0,1,2,0,0,1,0,0,1,4,0,0,0,0,0,0,0,0,0,0,0,0,0,0,1,0,0,0,0,167,0,0,0,0,0,0,0,1,0,0,29,0,13,0,0,0,0,0,0,0,0,0,0,0,0,0,0,S-4-D
0,2,0,0,0,0,0,0,0,0,0,0,0,0,0,0,0,0,0,0,0,0,0,0,0,0,0,0,0,0,0,0,0,0,0,0,1,0,0,0,0,0,0,0,0,0,0,0,0,0,0,0,0,0,0,0,0,0,0,0,0,0,0,0,0,0,0,0,0,0,0,0,0,0,0,0,0,0,0,0,0,3,0,0,0,0,29,0,0,0,0,0,0,0,0,0,0,0,0,0,0,0,0,0,0,0,0,0,0,0,0,0,0,S-4-E
0,18,0,0,0,2,0,0,0,2,0,0,0,0,0,1,2,0,0,0,0,0,0,23,1,0,0,0,0,0,0,0,2,0,0,0,0,0,1,0,0,0,0,0,0,0,0,0,0,0,0,0,0,0,0,0,2,0,1,0,2,0,1,0,0,0,2,0,0,0,0,0,2,0,0,1,0,0,0,1,0,1,6,0,2,0,0,697,0,0,0,2,0,0,0,0,0,0,0,0,0,0,0,0,0,0,0,0,0,0,0,0,0,S-4-H
1,16,2,0,0,2,0,0,0,0,2,0,0,0,0,0,0,1,0,0,0,0,0,0,9,0,0,0,0,0,0,0,0,0,0,0,0,0,0,0,0,0,0,0,0,0,0,0,0,0,0,0,0,0,0,0,0,0,0,0,1,0,13,0,0,0,0,1,0,0,0,0,0,0,0,0,6,0,0,7,0,0,0,0,1,0,0,0,176,0,0,0,0,0,0,0,1,0,0,0,0,0,0,0,0,0,5,0,0,0,0,0,0,S-4-K
0,27,0,0,0,0,0,0,0,0,0,2,0,0,0,0,0,0,0,0,0,0,0,0,0,0,0,0,0,0,0,0,0,0,0,0,1,0,0,0,0,0,0,2,0,0,0,0,0,0,0,0,0,0,0,0,0,0,1,5,17,0,37,0,0,0,0,0,0,0,0,0,0,0,0,0,0,0,22,0,0,0,1,10,2,0,0,0,0,113,0,1,0,0,0,0,0,0,0,1,14,0,2,0,0,0,0,0,0,0,0,0,0,S-4-M
0,0,0,0,0,0,0,0,0,0,0,0,0,0,0,0,0,0,0,0,0,0,0,0,0,0,0,0,0,0,0,0,0,0,0,0,0,0,0,0,0,0,0,0,0,0,0,0,0,0,0,0,0,0,0,0,0,0,0,0,0,0,0,0,0,0,0,0,0,0,0,0,0,0,0,0,0,0,0,0,0,0,0,0,0,0,0,0,0,0,57,0,0,0,0,0,0,6,0,0,0,0,0,0,0,0,0,0,0,0,0,0,0,S-4-P
1,9,0,0,0,0,0,0,0,0,0,0,0,0,1,0,0,0,0,0,0,1,0,1,0,1,0,4,0,0,4,1,3,0,0,0,0,0,0,0,0,0,0,0,0,0,0,0,0,0,0,0,0,41,0,0,1,0,0,0,0,0,0,0,0,0,1,0,0,0,0,0,0,1,0,0,0,0,1,0,1,1,0,0,19,0,0,2,0,1,0,952,0,0,0,0,0,0,0,0,0,0,0,0,0,0,1,0,0,0,0,0,0,S-4-T
15,5,3,0,0,0,0,0,0,0,0,0,0,0,0,0,0,0,0,0,0,0,0,0,0,1,0,0,0,4,67,0,0,0,0,0,0,0,0,0,0,0,0,0,0,0,0,0,0,0,0,0,0,0,0,0,0,0,0,0,0,0,0,0,0,0,0,0,0,0,0,0,0,0,0,0,0,0,0,0,0,0,0,0,1,0,0,0,0,0,0,0,737,0,1,0,0,0,0,0,0,0,0,0,0,0,0,0,0,0,0,0,0,S-4-W
0,0,0,0,0,0,0,0,0,0,0,0,0,2,0,0,0,0,0,0,0,0,0,0,0,0,0,0,0,0,0,0,0,0,0,0,0,0,0,0,0,0,0,0,0,0,0,0,0,0,0,0,0,1,0,0,0,0,0,0,0,0,0,0,0,0,0,0,0,0,0,0,0,0,0,0,0,0,0,0,0,0,0,0,0,1,0,0,0,0,0,0,0,159,0,0,0,0,0,0,0,0,0,0,0,0,0,0,0,0,0,0,0,S-4-X
2,2,0,0,0,0,0,0,0,0,0,0,0,38,0,0,0,0,0,0,0,0,0,0,0,2,0,0,1,0,1,11,24,0,0,0,0,0,0,0,0,0,0,0,0,4,0,0,0,0,0,0,0,0,0,0,0,0,0,0,0,0,0,0,0,0,1,0,0,1,0,0,0,0,0,0,0,0,0,0,0,0,1,0,1,0,0,0,0,0,0,0,1,0,668,1,1,0,1,0,0,0,0,0,0,0,0,0,0,0,0,0,0,S-4-Y
0,1,0,0,0,0,0,0,0,0,0,0,0,0,0,0,0,0,0,0,0,0,0,0,0,0,0,0,0,0,0,0,52,0,0,0,0,0,0,0,0,0,0,0,0,16,3,0,0,0,0,0,0,0,0,0,0,2,0,0,0,0,1,0,0,0,0,0,0,0,0,0,0,0,0,0,0,0,0,0,0,0,0,0,0,0,0,0,0,0,0,0,0,0,1,172,0,0,0,0,0,0,0,0,0,0,0,0,0,0,0,0,0,S-4-Z
5,155,1,0,8,31,2,0,43,0,0,0,0,0,1,0,0,0,0,1,0,10,0,0,0,0,0,0,0,0,0,0,3,1,0,10,0,13,1,7,0,0,0,0,0,0,0,0,2,1,4,2,4,0,8,15,0,4,23,1,1,1,1,0,34,4,0,0,3,22,0,0,0,18,0,0,1,0,1,0,50,2,2,0,7,29,0,0,1,0,0,0,0,0,1,0,1038,0,97,0,0,0,0,0,10,2,0,5,0,0,2,11,1,S-5-B
0,0,0,0,0,0,0,0,0,0,0,0,0,3,0,0,0,0,0,0,0,0,0,0,0,0,0,0,0,0,0,0,1,0,0,0,0,0,0,0,0,0,0,0,0,0,0,0,0,0,0,0,0,0,0,0,0,0,0,0,0,0,0,0,0,0,0,0,0,0,0,0,0,0,0,0,0,0,0,0,0,1,0,0,0,0,0,0,0,0,6,0,0,0,0,0,0,112,0,0,0,0,0,0,0,0,0,0,0,0,0,0,0,S-8-P
1,293,5,0,24,120,4,0,35,2,0,0,0,0,2,0,0,0,0,0,0,10,0,0,0,0,0,0,0,0,0,0,0,1,0,1,2,68,4,10,0,0,0,0,0,0,0,2,0,1,2,1,5,0,7,17,0,1,58,0,1,7,7,1,89,2,0,0,7,37,0,0,0,14,0,0,2,0,1,0,42,0,1,2,9,13,0,0,0,0,0,0,0,0,1,0,97,0,961,0,0,0,0,0,8,5,1,5,0,0,1,38,5,S-15-B
0,4,0,0,0,0,0,0,0,0,0,0,0,0,1,0,1,1,0,1,0,0,0,0,0,0,0,0,0,0,0,0,0,0,0,0,0,0,0,0,0,0,0,0,0,0,0,0,0,0,0,0,0,0,0,0,0,0,1,0,7,0,3,1,0,0,0,0,0,0,0,0,0,1,0,0,2,3,2,0,0,0,0,0,0,0,0,0,0,1,0,0,0,0,0,0,0,0,0,11,2,0,0,0,0,0,1,0,0,0,0,0,0,T-9-L
0,16,0,0,1,1,0,0,0,0,0,2,0,0,0,0,0,1,1,1,0,0,0,0,0,0,0,0,0,0,0,0,0,0,2,0,0,0,0,0,0,0,0,0,0,0,0,0,0,0,0,0,0,0,0,0,0,0,2,13,31,0,17,2,0,0,0,0,0,0,0,0,0,2,1,0,1,0,24,0,0,0,0,4,1,0,0,0,0,14,0,0,0,0,0,0,0,0,0,2,49,1,0,0,0,0,1,0,0,0,0,0,0,T-9-M
0,5,0,0,0,1,0,0,0,0,0,0,0,0,0,0,0,0,0,0,0,0,0,0,0,0,0,0,0,0,0,0,0,0,0,0,0,0,0,0,0,0,0,0,0,0,0,0,0,0,0,0,0,0,0,0,0,0,2,0,4,0,2,1,0,0,0,0,0,0,0,0,0,0,1,0,0,1,1,0,0,1,0,1,1,0,0,0,0,0,0,0,0,0,0,0,0,0,0,0,1,11,0,0,0,0,0,0,0,0,0,0,0,T-9-O
0,11,0,0,0,4,0,3,0,0,0,0,0,0,0,0,0,0,0,0,0,0,0,0,0,0,0,0,0,0,0,0,0,0,0,0,0,0,0,0,3,2,6,63,10,0,0,0,0,0,0,0,0,0,0,0,0,0,4,0,40,0,1,2,0,0,0,0,0,0,0,0,0,0,0,0,1,0,1,0,0,0,2,0,10,0,0,0,0,2,0,0,0,0,0,0,0,0,0,0,0,0,92,17,0,0,2,0,0,0,0,0,0,T-9-Q
0,0,0,0,0,0,0,1,0,0,0,0,0,0,0,0,0,0,0,0,0,0,0,0,0,0,0,0,0,0,0,0,0,0,0,0,0,0,0,0,2,1,2,12,8,0,0,0,0,0,0,0,0,0,0,0,0,0,1,0,7,0,0,0,0,0,0,0,0,0,0,0,0,0,0,0,0,0,0,0,0,0,0,0,2,0,0,0,0,0,0,0,0,0,0,0,0,0,0,0,0,0,17,18,0,0,0,0,0,0,0,0,0,T-9-QA
0,16,0,0,1,4,0,0,16,0,0,0,0,0,0,0,0,0,0,0,0,3,0,0,0,0,0,0,0,0,0,0,0,0,0,0,0,0,0,0,0,0,0,0,0,0,0,0,0,0,0,0,0,0,2,2,0,0,7,0,0,0,0,0,8,0,0,0,1,1,0,0,0,2,0,0,0,0,0,0,9,0,0,0,3,0,0,0,0,0,0,0,0,0,0,0,10,0,8,0,0,0,0,0,34,0,0,0,0,0,0,4,0,T-10-A
0,11,0,0,1,5,0,0,6,0,0,0,0,0,2,0,0,0,0,0,0,4,0,0,0,0,0,0,0,0,0,0,0,1,0,0,1,0,0,0,0,0,0,0,0,0,0,3,1,2,0,0,0,0,4,5,1,0,3,0,0,0,0,0,2,0,0,0,0,3,0,0,0,8,0,0,0,0,0,0,4,0,0,0,1,0,0,0,0,0,0,0,0,0,0,0,2,0,5,0,0,0,0,0,0,24,0,0,0,0,0,1,0,T-19-A
0,84,6,1,1,28,0,0,0,1,11,0,0,0,4,9,9,30,3,8,0,0,0,0,26,0,0,0,0,0,0,0,0,0,1,0,0,0,1,0,0,0,0,3,0,0,0,0,0,0,0,0,1,0,1,0,2,0,19,12,41,0,47,12,1,0,2,3,0,0,0,2,1,7,5,0,84,5,0,0,0,2,4,4,13,0,0,0,5,0,0,1,0,0,0,0,0,0,1,1,1,0,2,0,0,0,175,0,0,0,0,0,0,TB-9A-K
0,2,0,1,0,1,0,0,0,0,0,0,0,0,1,0,0,0,0,0,0,1,0,0,0,0,0,0,0,0,0,0,0,1,0,0,0,0,0,20,0,0,0,0,0,0,0,0,0,0,1,0,0,0,2,4,0,0,1,0,0,0,0,0,4,0,1,0,1,39,1,1,0,2,0,0,0,0,0,0,0,0,0,0,0,0,0,0,0,0,0,0,0,0,0,0,5,0,5,0,0,0,0,0,0,0,0,68,0,0,1,1,0,U-11-A
0,2,1,0,0,1,0,0,0,0,0,0,0,0,0,0,0,0,0,0,0,0,0,0,0,0,0,0,0,0,0,0,0,0,0,0,0,0,0,0,0,0,0,0,0,0,0,0,0,0,0,0,0,0,0,0,0,0,1,0,0,0,1,0,0,0,0,0,0,0,0,0,0,0,0,1,0,0,0,0,0,0,0,0,0,0,0,0,0,0,0,0,0,0,0,0,0,0,0,0,0,0,0,0,0,0,0,0,7,0,0,0,0,W-22-B
0,0,0,0,0,0,0,0,0,0,0,0,0,0,0,0,0,0,0,0,0,0,0,0,0,0,0,0,0,0,0,0,0,0,0,0,0,0,0,0,0,0,0,0,0,0,0,0,0,0,0,0,0,0,0,0,0,0,0,0,0,0,0,0,0,0,0,0,0,0,0,0,0,0,0,0,0,0,0,0,0,0,0,0,0,0,0,0,0,0,0,0,0,0,0,0,0,0,0,0,0,0,0,0,0,0,0,0,0,6,0,0,0,W-22-BV
0,2,0,0,0,0,0,0,1,0,0,0,0,0,0,0,0,0,0,0,0,0,0,0,0,0,0,0,0,0,0,0,0,0,0,1,0,0,0,1,0,0,0,0,0,0,0,0,0,0,0,0,0,0,0,0,0,2,0,0,0,0,0,0,2,0,0,0,0,1,0,0,0,0,0,0,0,0,0,0,0,0,0,0,0,0,0,0,0,0,0,0,0,0,0,0,2,0,1,0,0,0,0,0,0,0,0,1,0,0,5,1,0,Y-5-A
0,57,1,0,11,38,4,0,3,0,0,0,0,0,3,0,0,0,0,0,0,4,0,0,0,0,0,0,0,0,0,0,0,0,0,0,2,11,0,3,0,0,0,0,0,0,0,0,1,1,1,0,2,0,3,5,0,1,49,0,1,2,4,1,21,0,0,0,2,8,0,0,0,13,0,0,1,0,0,0,9,0,0,0,2,0,0,0,0,0,0,0,0,0,0,0,11,0,38,0,0,0,0,0,4,1,0,1,0,0,1,89,3,Y-6-A
0,4,1,0,0,2,0,0,0,0,0,0,0,0,0,0,0,0,0,0,0,0,0,0,0,0,0,0,0,0,0,0,0,0,0,0,0,3,1,0,0,0,0,0,0,0,0,0,0,0,0,0,0,0,0,0,0,0,3,0,0,1,2,1,2,0,0,0,0,0,0,0,0,0,0,0,0,0,0,0,0,0,0,0,0,0,0,0,0,0,0,0,0,0,0,0,1,0,5,0,0,0,0,0,0,0,0,0,0,0,0,3,7,Y-26-A